{
  "xgboost": {
    "rmse": 9.000299236833133,
    "mae": 6.905735969543457,
    "mape": 7.960247985911945
  },
  "lstm": {
    "rmse": null,
    "mae": null,
    "mape": null,
    "note": "TensorFlow not available; LSTM skipped."
  }
}