{
  "xgboost": {
    "rmse": 9.000299236833133,
    "mae": 6.905735969543457,
    "mape": 7.960247985911945
  },
  "lstm": {
    "rmse": 35.72861849676671,
    "mae": 27.348220825195312,
    "mape": 29.65523910522461
  }
}